﻿<?xml version="1.0" encoding="utf-8"?>
<ImportFormat xmlns="http://tempuri.org/ImportFormat21.xsd">
    <Column>
        <TabName>Main</TabName>
        <ColHeader>Type</ColHeader>
        <FieldName>
        </FieldName>
        <OrderBy>1</OrderBy>
    </Column>
    <Column>
        <TabName>Facility</TabName>
        <ColHeader>Facility Name</ColHeader>
        <FieldName>facility_name</FieldName>
        <OrderBy>1</OrderBy>
    </Column>
    <Column>
        <TabName>Facility</TabName>
        <ColHeader>Facility Current Year</ColHeader>
        <FieldName>facility_currentYear</FieldName>
        <OrderBy>2</OrderBy>
    </Column>
</ImportFormat>