﻿<?xml version="1.0" encoding="utf-8" ?> 
<ImportFormat>
	<Main>
		<TabName>Main</TabName>
		<Column>
			<ColHeader>Type</ColHeader>
			<FieldName></FieldName>
			<OrderBy>1</OrderBy>
		</Column>
	</Main>
	<Facility>
		<TabName>Facility</TabName>
		<Column>
			<ColHeader>Facility Name</ColHeader>
			<FieldName>facility_name</FieldName>
			<OrderBy>1</OrderBy>
		</Column>
		<Column>
			<ColHeader>Facility Current Year</ColHeader>
			<FieldName>facility_currentYear</FieldName>
			<OrderBy>2</OrderBy>
		</Column>
		<Column><ColHeader>Facility Current Year</ColHeader><FieldName>facility_currentYear</FieldName><OrderBy>2</OrderBy></Column>
	</Facility>
	<Process>
		<TabName>Process</TabName>
		<Column>
			<ColHeader>Process Name</ColHeader>
			<FieldName>process_name</FieldName>
			<OrderBy>1</OrderBy>
		</Column>
	</Process>
	<Component>
		<TabName>Component</TabName>
		<Column>
			<ColHeader>Component Name</ColHeader>
			<FieldName>component_name</FieldName>
			<OrderBy>1</OrderBy>
		</Column>
	</Component>
	
	
</ImportFormat>